№ з/п,"Набори даних, які підлягають оприлюдненню у формі відкритих даних",Розпорядник інформації,посилання на opedata.kremen.gov.ua,посилання на data.gov.ua
1,"Довідник підприємств, установ (закладів) та організацій розпорядника інформації та підпорядкованих йому організацій, у тому числі їх ідентифікаційних кодів, офіційних веб-сайтів, адрес електронної пошти, телефонів та адрес",Управління міського майна,https://opendata.kremen.gov.ua/dataset/%D0%B4%D0%BE%D0%B2%D1%96%D0%B4%D0%BD%D0%B8%D0%BA-%D0%BF%D1%96%D0%B4%D0%BF%D1%80%D0%B8%D1%94%D0%BC%D1%81%D1%82%D0%B2-%D1%83%D1%81%D1%82%D0%B0%D0%BD%D0%BE%D0%B2-%D0%B7%D0%B0%D0%BA%D0%BB%D0%B0%D0%B4%D1%96%D0%B2-%D1%82%D0%B0-%D0%BE%D1%80%D0%B3%D0%B0%D0%BD%D1%96%D0%B7%D0%B0%D1%86%D1%96%D0%B9-%D0%B7%D0%B0%D1%81%D0%BD%D0%BE%D0%B2%D0%BD%D0%B8%D0%BA%D0%BE%D0%BC-%D1%8F%D0%BA%D0%B8%D1%85-%D1%94-%D0%BA%D1%80%D0%B5%D0%BC%D0%B5%D0%BD%D1%87%D1%83%D1%86%D1%8C%D0%BA%D0%B0-%D0%BC%D1%96%D1%81%D1%8C%D0%BA%D0%B0,https://data.gov.ua/dataset/2b25eeef-e990-4fa4-9f64-dda291023695
2,Інформація про організаційну структуру розпорядника інформації,Відділ інформаційно-комп'ютерних технологій,https://opendata.kremen.gov.ua/dataset/%D1%96%D0%BD%D1%84%D0%BE%D1%80%D0%BC%D0%B0%D1%86%D1%96%D1%8F-%D0%BF%D1%80%D0%BE-%D0%BE%D1%80%D0%B3%D0%B0%D0%BD%D1%96%D0%B7%D0%B0%D1%86%D1%96%D0%B9%D0%BD%D1%83-%D1%81%D1%82%D1%80%D1%83%D0%BA%D1%82%D1%83%D1%80%D1%83-%D0%B2%D0%B8%D0%BA%D0%BE%D0%BD%D0%B0%D0%B2%D1%87%D0%BE%D0%B3%D0%BE-%D0%BA%D0%BE%D0%BC%D1%96%D1%82%D0%B5%D1%82%D1%83,https://data.gov.ua/dataset/bd4a3394-c6cf-46e4-8f48-75e7479e0fe3 
3,"Нормативи, що затверджуються та підлягають оприлюдненню відповідно до закону розпорядником інформації","ДЖКГ, Енергоменеджмент.  Управління земельних ресурсів",https://opendata.kremen.gov.ua/dataset/%D0%BD%D0%BE%D1%80%D0%BC%D0%B0%D1%82%D0%B8%D0%B2%D0%B8-%D1%89%D0%BE-%D0%B7%D0%B0%D1%82%D0%B2%D0%B5%D1%80%D0%B4%D0%B6%D1%83%D1%8E%D1%82%D1%8C%D1%81%D1%8F-%D1%82%D0%B0-%D0%BF%D1%96%D0%B4%D0%BB%D1%8F%D0%B3%D0%B0%D1%8E%D1%82%D1%8C-%D0%BE%D0%BF%D1%80%D0%B8%D0%BB%D1%8E%D0%B4%D0%BD%D0%B5%D0%BD%D0%BD%D1%8E-%D0%B2%D1%96%D0%B4%D0%BF%D0%BE%D0%B2%D1%96%D0%B4%D0%BD%D0%BE-%D0%B4%D0%BE-%D0%B7%D0%B0%D0%BA%D0%BE%D0%BD%D1%83-%D1%80%D0%BE%D0%B7%D0%BF%D0%BE%D1%80%D1%8F%D0%B4%D0%BD%D0%B8%D0%BA%D0%BE%D0%BC-91,N/A
4,"Звіти, в тому числі щодо задоволення запитів на інформацію","Управління по роботі з документами, всі розпорядники",https://opendata.kremen.gov.ua/dataset/%D0%B7%D0%B2%D1%96%D1%82-%D0%BF%D1%80%D0%BE-%D1%80%D0%BE%D0%B7%D0%B3%D0%BB%D1%8F%D0%B4-%D0%B7%D0%B0%D0%BF%D0%B8%D1%82%D1%96%D0%B2-%D0%BD%D0%B0-%D0%B4%D0%BE%D1%81%D1%82%D1%83%D0%BF-%D0%B4%D0%BE-%D0%BF%D1%83%D0%B1%D0%BB%D1%96%D1%87%D0%BD%D0%BE%D1%97-%D1%96%D0%BD%D1%84%D0%BE%D1%80%D0%BC%D0%B0%D1%86%D1%96%D1%97-%D1%83-%D0%B2%D0%B8%D0%BA%D0%BE%D0%BD%D0%B0%D0%B2%D1%87%D0%BE%D0%BC%D1%83-%D0%BA%D0%BE%D0%BC%D1%96%D1%82%D0%B5%D1%82%D1%96-1,https://data.gov.ua/dataset/eaecaf14-1530-4f80-885c-086ef61a6601 
5,"Інформація про систему обліку, види інформації, яка зберігається розпорядником","Управління по роботі з документами, всі розпорядники. В наявності лише API",https://opendata.kremen.gov.ua/dataset/%D1%96%D0%BD%D1%84%D0%BE%D1%80%D0%BC%D0%B0%D1%86%D1%96%D1%8F-%D0%BF%D1%80%D0%BE-%D1%81%D0%B8%D1%81%D1%82%D0%B5%D0%BC%D1%83-%D0%BE%D0%B1%D0%BB%D1%96%D0%BA%D1%83-%D0%B2%D0%B8%D0%B4%D0%B8-%D1%96%D0%BD%D1%84%D0%BE%D1%80%D0%BC%D0%B0%D1%86%D1%96%D1%97-%D1%8F%D0%BA%D0%B0-%D0%B7%D0%B1%D0%B5%D1%80%D1%96%D0%B3%D0%B0%D1%94%D1%82%D1%8C%D1%81%D1%8F-%D1%80%D0%BE%D0%B7%D0%BF%D0%BE%D1%80%D1%8F%D0%B4%D0%BD%D0%B8%D0%BA%D0%BE%D0%BC-4 ,https://data.gov.ua/dataset/6c7c9598-d856-44ac-9fa0-08f98335bd81
6,"Реєстр наборів даних, що перебувають у володінні розпорядника інформації","Управління по роботі з документами, всі розпорядники",https://opendata.kremen.gov.ua/dataset/%D1%80%D0%B5%D1%94%D1%81%D1%82%D1%80-%D0%BD%D0%B0%D0%B1%D0%BE%D1%80%D1%96%D0%B2-%D0%B4%D0%B0%D0%BD%D0%B8%D1%85-%D1%89%D0%BE-%D0%BF%D0%B5%D1%80%D0%B5%D0%B1%D1%83%D0%B2%D0%B0%D1%8E%D1%82%D1%8C-%D1%83-%D0%B2%D0%BE%D0%BB%D0%BE%D0%B4%D1%96%D0%BD%D0%BD%D1%96-%D1%80%D0%BE%D0%B7%D0%BF%D0%BE%D1%80%D1%8F%D0%B4%D0%BD%D0%B8%D0%BA%D0%B0-%D1%96%D0%BD%D1%84%D0%BE%D1%80%D0%BC%D0%B0%D1%86%D1%96%D1%97-7 ,https://data.gov.ua/dataset/c87ef0ce-5841-4334-a9e7-a609c556363f
7,"Адміністративні дані, що збираються (обробляються) та підлягають оприлюдненню відповідно до вимог закону, розпорядника інформації",Управління економіки,https://opendata.kremen.gov.ua/dataset/%D0%B0%D0%B4%D0%BC%D1%96%D0%BD%D1%96%D1%81%D1%82%D1%80%D0%B0%D1%82%D0%B8%D0%B2%D0%BD%D1%96-%D0%B4%D0%B0%D0%BD%D1%96-%D0%B2-%D0%B7%D0%BD%D0%B0%D1%87%D0%B5%D0%BD%D0%BD%D1%96-%D0%B7%D0%B0%D0%BA%D0%BE%D0%BD%D1%83-%D1%83%D0%BA%D1%80%D0%B0%D1%97%D0%BD%D0%B8-%D0%BF%D1%80%D0%BE-%D0%B4%D0%B5%D1%80%D0%B6%D0%B0%D0%B2%D0%BD%D1%83-%D1%81%D1%82%D0%B0%D1%82%D0%B8%D1%81%D1%82%D0%B8%D0%BA%D1%83-%D1%89%D0%BE-%D0%B7%D0%B1%D0%B8%D1%80%D0%B0%D1%8E%D1%82%D1%8C%D1%81%D1%8F,https://data.gov.ua/dataset/ab369b76-e8c0-402b-b6a3-0326dfd98e0b
8,"Нормативно-правові акти, акти індивідуальної дії (крім внутрішньоорганізаційних), прийняті розпорядником інформації, проекти рішень, що підлягають обговоренню, інформація, визначена законодавством про засади регуляторної політики",Управління по роботі з документами,https://opendata.kremen.gov.ua/dataset/%D0%BD%D0%BE%D1%80%D0%BC%D0%B0%D1%82%D0%B8%D0%B2%D0%BD%D0%BE-%D0%BF%D1%80%D0%B0%D0%B2%D0%BE%D0%B2%D1%96-%D0%B0%D0%BA%D1%82%D0%B8-%D0%B0%D0%BA%D1%82%D0%B8-%D1%96%D0%BD%D0%B4%D0%B8%D0%B2%D1%96%D0%B4%D1%83%D0%B0%D0%BB%D1%8C%D0%BD%D0%BE%D1%97-%D0%B4%D1%96%D1%97-%D0%BA%D1%80%D1%96%D0%BC-%D0%B2%D0%BD%D1%83%D1%82%D1%80%D1%96%D1%88%D0%BD%D1%8C%D0%BE%D0%BE%D1%80%D0%B3%D0%B0%D0%BD%D1%96%D0%B7%D0%B0%D1%86%D1%96%D0%B9%D0%BD%D0%B8%D1%85-%D0%BF%D1%80%D0%B8%D0%B9%D0%BD%D1%8F%D1%82%D1%96,https://data.gov.ua/dataset/be598218-561a-4d62-9011-7675c99c4d68
9,Інформація про нормативно-правові засади діяльності,Управління по роботі з документами/Управління забезпечення діяльності ради,https://opendata.kremen.gov.ua/dataset/%D1%96%D0%BD%D1%84%D0%BE%D1%80%D0%BC%D0%B0%D1%86%D1%96%D1%8F-%D0%BF%D1%80%D0%BE-%D0%BD%D0%BE%D1%80%D0%BC%D0%B0%D1%82%D0%B8%D0%B2%D0%BD%D0%BE-%D0%BF%D1%80%D0%B0%D0%B2%D0%BE%D0%B2%D1%96-%D0%B7%D0%B0%D1%81%D0%B0%D0%B4%D0%B8-%D0%B4%D1%96%D1%8F%D0%BB%D1%8C%D0%BD%D0%BE%D1%81%D1%82%D1%96-1,N/A
10,Фінансова звітність суб’єктів господарювання державного сектору економіки,"Управління бухгалтерського обліку та звітності, всі розпорядники",https://opendata.kremen.gov.ua/dataset/%D1%84%D1%96%D0%BD%D0%B0%D0%BD%D1%81%D0%BE%D0%B2%D0%B0-%D0%B7%D0%B2%D1%96%D1%82%D0%BD%D1%96%D1%81%D1%82%D1%8C-%D0%B2%D0%B8%D0%BA%D0%BE%D0%BD%D0%B0%D0%B2%D1%87%D0%BE%D0%B3%D0%BE-%D0%BA%D0%BE%D0%BC%D1%96%D1%82%D0%B5%D1%82%D1%83-%D0%BA%D1%80%D0%B5%D0%BC%D0%B5%D0%BD%D1%87%D1%83%D1%86%D1%8C%D0%BA%D0%BE%D1%97-%D0%BC%D1%96%D1%81%D1%8C%D0%BA%D0%BE%D1%97-%D1%80%D0%B0%D0%B4%D0%B8,https://data.gov.ua/dataset/01bf5828-1964-415c-b9dd-d505c576064d
11,"Переліки регуляторних актів із зазначенням дати набрання чинності, строку проведення базового, повторного та періодичного відстеження їх результативності та інформації про місце їх оприлюднення","Управління розвитку підприємництва, торгівлі, побуту та регуляторної політики",https://opendata.kremen.gov.ua/dataset/%D0%BF%D0%B5%D1%80%D0%B5%D0%BB%D1%96%D0%BA-%D1%80%D0%B5%D0%B3%D1%83%D0%BB%D1%8F%D1%82%D0%BE%D1%80%D0%BD%D0%B8%D1%85-%D0%B0%D0%BA%D1%82%D1%96%D0%B2-%D1%96%D0%B7-%D0%B7%D0%B0%D0%B7%D0%BD%D0%B0%D1%87%D0%B5%D0%BD%D0%BD%D1%8F%D0%BC-%D0%B4%D0%B0%D1%82%D0%B8-%D0%BD%D0%B0%D0%B1%D1%80%D0%B0%D0%BD%D0%BD%D1%8F-%D1%87%D0%B8%D0%BD%D0%BD%D0%BE%D1%81%D1%82%D1%96-%D1%81%D1%82%D1%80%D0%BE%D0%BA%D1%83-%D0%BF%D1%80%D0%BE%D0%B2%D0%B5%D0%B4%D0%B5%D0%BD%D0%BD%D1%8F-%D0%B1%D0%B0%D0%B7%D0%BE%D0%B2%D0%BE%D0%B3%D0%BE,https://data.gov.ua/dataset/0411dce4-72e0-4204-b0b0-0c93410d3e74
12,"План діяльності з підготовки проектів регуляторних актів із зазначенням видів і назв проектів, цілей їх прийняття, строків підготовки проектів, найменування органів і підрозділів, відповідальних за розроблення проектів регуляторних актів, дату їх внесення на розгляд регуляторного органу та посилання на місце оприлюднення","Управління розвитку підприємництва, торгівлі, побуту та регуляторної політики",https://opendata.kremen.gov.ua/dataset/%D0%BF%D0%BB%D0%B0%D0%BD-%D0%B4%D1%96%D1%8F%D0%BB%D1%8C%D0%BD%D0%BE%D1%81%D1%82%D1%96-%D0%B7-%D0%BF%D1%96%D0%B4%D0%B3%D0%BE%D1%82%D0%BE%D0%B2%D0%BA%D0%B8-%D0%BF%D1%80%D0%BE%D0%B5%D0%BA%D1%82%D1%96%D0%B2-%D1%80%D0%B5%D0%B3%D1%83%D0%BB%D1%8F%D1%82%D0%BE%D1%80%D0%BD%D0%B8%D1%85-%D0%B0%D0%BA%D1%82%D1%96%D0%B2-%D1%96%D0%B7-%D0%B7%D0%B0%D0%B7%D0%BD%D0%B0%D1%87%D0%B5%D0%BD%D0%BD%D1%8F%D0%BC-%D0%B2%D0%B8%D0%B4%D1%96%D0%B2-%D1%96-%D0%BD%D0%B0%D0%B7%D0%B2,https://data.gov.ua/dataset/d82d0e90-9dd4-44bb-aa71-c42d31ce68d5
13,"Інформація про отримане майно (обладнання, програмне забезпечення) у рамках міжнародної технічної допомоги",Управління охорони здоров'я,https://opendata.kremen.gov.ua/dataset/%D1%96%D0%BD%D1%84%D0%BE%D1%80%D0%BC%D0%B0%D1%86%D1%96%D1%8F-%D1%89%D0%BE%D0%B4%D0%BE-%D0%BE%D1%82%D1%80%D0%B8%D0%BC%D0%B0%D0%BD%D0%BE%D0%B3%D0%BE-%D0%BC%D0%B0%D0%B9%D0%BD%D0%B0-%D0%B2-%D1%80%D0%B0%D0%BC%D0%BA%D0%B0%D1%85-%D0%BC%D1%96%D0%B6%D0%BD%D0%B0%D1%80%D0%BE%D0%B4%D0%BD%D0%BE%D1%97-%D1%82%D0%B5%D1%85%D0%BD%D1%96%D1%87%D0%BD%D0%BE%D1%97-%D0%B4%D0%BE%D0%BF%D0%BE%D0%BC%D0%BE%D0%B3%D0%B8-1,N/A
14,Основні положення генеральних планів населених пунктів та детальних планів територій,Управління містобудування та архітектури,https://opendata.kremen.gov.ua/dataset/%D0%BE%D1%81%D0%BD%D0%BE%D0%B2%D0%BD%D1%96-%D0%BF%D0%BE%D0%BB%D0%BE%D0%B6%D0%B5%D0%BD%D0%BD%D1%8F-%D0%B3%D0%B5%D0%BD%D0%B5%D1%80%D0%B0%D0%BB%D1%8C%D0%BD%D0%B8%D1%85-%D0%BF%D0%BB%D0%B0%D0%BD%D1%96%D0%B2-%D0%BD%D0%B0%D1%81%D0%B5%D0%BB%D0%B5%D0%BD%D0%B8%D1%85-%D0%BF%D1%83%D0%BD%D0%BA%D1%82%D1%96%D0%B2-%D1%82%D0%B0-%D0%B4%D0%B5%D1%82%D0%B0%D0%BB%D1%8C%D0%BD%D0%B8%D1%85-%D0%BF%D0%BB%D0%B0%D0%BD%D1%96%D0%B2-%D1%82%D0%B5%D1%80%D0%B8%D1%82%D0%BE%D1%80%D1%96%D1%97,N/A
15,Перелік об’єктів комунальної власності,Управління міського майна,https://opendata.kremen.gov.ua/dataset/%D0%BF%D0%B5%D1%80%D0%B5%D0%BB%D1%96%D0%BA-%D0%BE%D0%B1%D1%94%D0%BA%D1%82%D1%96%D0%B2-%D0%BA%D0%BE%D0%BC%D1%83%D0%BD%D0%B0%D0%BB%D1%8C%D0%BD%D0%BE%D1%97-%D0%B2%D0%BB%D0%B0%D1%81%D0%BD%D0%BE%D1%81%D1%82%D1%96-0,https://data.gov.ua/dataset/31515f69-4492-4560-a10f-7b7122116912
16,"Перелік об’єктів комунальної власності, що передані в оренду чи інше право користування (з даними про умови передачі об’єктів в оренду)",Управління міського майна,https://opendata.kremen.gov.ua/dataset/%D0%BF%D0%B5%D1%80%D0%B5%D0%BB%D1%96%D0%BA-%D0%BE%D0%B1%D1%94%D0%BA%D1%82%D1%96%D0%B2-%D0%BA%D0%BE%D0%BC%D1%83%D0%BD%D0%B0%D0%BB%D1%8C%D0%BD%D0%BE%D1%97-%D0%B2%D0%BB%D0%B0%D1%81%D0%BD%D0%BE%D1%81%D1%82%D1%96-%D1%89%D0%BE-%D0%BF%D0%B5%D1%80%D0%B5%D0%B4%D0%B0%D0%BD%D1%96-%D0%B2-%D0%BE%D1%80%D0%B5%D0%BD%D0%B4%D1%83-%D1%87%D0%B8-%D1%96%D0%BD%D1%88%D0%B5-%D0%BF%D1%80%D0%B0%D0%B2%D0%BE-%D0%BA%D0%BE%D1%80%D0%B8%D1%81%D1%82%D1%83%D0%B2%D0%B0%D0%BD%D0%BD%D1%8F-%D0%B7,N/A
17,"Перелік об’єктів комунальної власності – земельних ділянок, що передані в оренду чи інше право користування ",Управління земельних ресурсів,https://opendata.kremen.gov.ua/dataset/%D0%BF%D0%B5%D1%80%D0%B5%D0%BB%D1%96%D0%BA-%D0%BE%D0%B1%E2%80%99%D1%94%D0%BA%D1%82%D1%96%D0%B2-%D0%BA%D0%BE%D0%BC%D1%83%D0%BD%D0%B0%D0%BB%D1%8C%D0%BD%D0%BE%D1%97-%D0%B2%D0%BB%D0%B0%D1%81%D0%BD%D0%BE%D1%81%D1%82%D1%96-%E2%80%93-%D0%B7%D0%B5%D0%BC%D0%B5%D0%BB%D1%8C%D0%BD%D0%B8%D1%85-%D0%B4%D1%96%D0%BB%D1%8F%D0%BD%D0%BE%D0%BA-%D1%89%D0%BE-%D0%BF%D0%B5%D1%80%D0%B5%D0%B4%D0%B0%D0%BD%D1%96-%D0%B2-%D0%BE%D1%80%D0%B5%D0%BD%D0%B4%D1%83-%D1%87%D0%B8-%D1%96%D0%BD%D1%88%D0%B5,https://data.gov.ua/dataset/12c53c9c-9b53-481b-bbe3-821fac0dcaa5 
18,"Перелік незадіяних земельних ділянок і майнових об’єктів (приміщень) комунальної форми власності, які можуть бути передані в користування",Управління міського майна Управління земельних ресурсів,https://opendata.kremen.gov.ua/dataset/%D0%BF%D0%B5%D1%80%D0%B5%D0%BB%D1%96%D0%BA-%D0%B2%D1%96%D0%BB%D1%8C%D0%BD%D0%B8%D1%85-%D0%BF%D1%80%D0%B8%D0%BC%D1%96%D1%89%D0%B5%D0%BD%D1%8C-%D0%BA%D0%BE%D0%BC%D1%83%D0%BD%D0%B0%D0%BB%D1%8C%D0%BD%D0%BE%D1%97-%D0%B2%D0%BB%D0%B0%D1%81%D0%BD%D0%BE%D1%81%D1%82%D1%96-%D1%89%D0%BE-%D0%BC%D0%BE%D0%B6%D1%83%D1%82%D1%8C-%D0%B1%D1%83%D1%82%D0%B8-%D0%BF%D0%B5%D1%80%D0%B5%D0%B4%D0%B0%D0%BD%D1%96-%D0%B2-%D0%BE%D1%80%D0%B5%D0%BD%D0%B4%D1%83,https://data.gov.ua/dataset/1b5b33aa-86f0-41c9-bfe3-5db71f7025c1 
19,Результати радіаційного контролю,Відділ екологічної безпеки,https://opendata.kremen.gov.ua/dataset/%D1%80%D0%B5%D0%B7%D1%83%D0%BB%D1%8C%D1%82%D0%B0%D1%82%D0%B8-%D1%80%D0%B0%D0%B4%D1%96%D0%B0%D1%86%D1%96%D0%B9%D0%BD%D0%BE%D0%B3%D0%BE-%D0%BA%D0%BE%D0%BD%D1%82%D1%80%D0%BE%D0%BB%D1%8E,N/A
20,"Інформація про використання публічних коштів під час будівництва, ремонту та реконструкції об’єктів дорожньої інфраструктури та хід виконання проектів",Департамент житлово-комунального господарства,https://opendata.kremen.gov.ua/dataset/%D1%96%D0%BD%D1%84%D0%BE%D1%80%D0%BC%D0%B0%D1%86%D1%96%D1%8F-%D0%BF%D1%80%D0%BE-%D0%B2%D0%B8%D0%BA%D0%BE%D1%80%D0%B8%D1%81%D1%82%D0%B0%D0%BD%D0%BD%D1%8F-%D0%BF%D1%83%D0%B1%D0%BB%D1%96%D1%87%D0%BD%D0%B8%D1%85-%D0%BA%D0%BE%D1%88%D1%82%D1%96%D0%B2-%D0%BF%D1%96%D0%B4-%D1%87%D0%B0%D1%81-%D0%B1%D1%83%D0%B4%D1%96%D0%B2%D0%BD%D0%B8%D1%86%D1%82%D0%B2%D0%B0-%D1%80%D0%B5%D0%BC%D0%BE%D0%BD%D1%82%D1%83-%D1%82%D0%B0-%D1%80%D0%B5%D0%BA%D0%BE%D0%BD%D1%81%D1%82%D1%80%D1%83%D0%BA%D1%86%D1%96%D1%97,N/A
21,"Генеральні плани населених пунктів, історико-архітектурні опорні плани, плани зонування територій та детальні плани територій (за винятком відомостей, які відповідно до законодавства становлять інформацію з обмеженим доступом), їх проекти",Управління містобудування та архітектури,https://opendata.kremen.gov.ua/dataset/%D0%B3%D0%B5%D0%BD%D0%B5%D1%80%D0%B0%D0%BB%D1%8C%D0%BD%D1%96-%D0%BF%D0%BB%D0%B0%D0%BD%D0%B8-%D0%BD%D0%B0%D1%81%D0%B5%D0%BB%D0%B5%D0%BD%D0%B8%D1%85-%D0%BF%D1%83%D0%BD%D0%BA%D1%82%D1%96%D0%B2-%D1%96%D1%81%D1%82%D0%BE%D1%80%D0%B8%D0%BA%D0%BE-%D0%B0%D1%80%D1%85%D1%96%D1%82%D0%B5%D0%BA%D1%82%D1%83%D1%80%D0%BD%D1%96-%D0%BE%D0%BF%D0%BE%D1%80%D0%BD%D1%96-%D0%BF%D0%BB%D0%B0%D0%BD%D0%B8-%D0%BF%D0%BB%D0%B0%D0%BD%D0%B8-%D0%B7%D0%BE%D0%BD%D1%83%D0%B2%D0%B0%D0%BD%D0%BD%D1%8F,N/A
22,Дані про місцезнаходження громадського транспорту в режимі реального часу,Відділ транспорту,https://opendata.kremen.gov.ua/dataset/%D0%B4%D0%B0%D0%BD%D1%96-%D0%BF%D1%80%D0%BE-%D0%BC%D1%96%D1%81%D1%86%D0%B5%D0%B7%D0%BD%D0%B0%D1%85%D0%BE%D0%B4%D0%B6%D0%B5%D0%BD%D0%BD%D1%8F-%D0%B3%D1%80%D0%BE%D0%BC%D0%B0%D0%B4%D1%81%D1%8C%D0%BA%D0%BE%D0%B3%D0%BE-%D1%82%D1%80%D0%B0%D0%BD%D1%81%D0%BF%D0%BE%D1%80%D1%82%D1%83-%D0%B2-%D1%80%D0%B5%D0%B6%D0%B8%D0%BC%D1%96-%D1%80%D0%B5%D0%B0%D0%BB%D1%8C%D0%BD%D0%BE%D0%B3%D0%BE-%D1%87%D0%B0%D1%81%D1%83,N/A
23,Паспорти бюджетних програм місцевого бюджету,"Департамент фінансів, кожен окремо",https://opendata.kremen.gov.ua/dataset/%D0%BF%D0%B0%D1%81%D0%BF%D0%BE%D1%80%D1%82%D0%B8-%D0%B1%D1%8E%D0%B4%D0%B6%D0%B5%D1%82%D0%BD%D0%B8%D1%85-%D0%BF%D1%80%D0%BE%D0%B3%D1%80%D0%B0%D0%BC-%D0%BC%D1%96%D1%81%D1%86%D0%B5%D0%B2%D0%BE%D0%B3%D0%BE-%D0%B1%D1%8E%D0%B4%D0%B6%D0%B5%D1%82%D1%83-2,N/A
24,Звіти про виконання паспортів бюджетних програм місцевого бюджету,Управління бухгалтерського обліку та звітності,https://opendata.kremen.gov.ua/dataset/%D0%B7%D0%B2%D1%96%D1%82%D0%B8-%D0%BF%D1%80%D0%BE-%D0%B2%D0%B8%D0%BA%D0%BE%D0%BD%D0%B0%D0%BD%D0%BD%D1%8F-%D0%BF%D0%B0%D1%81%D0%BF%D0%BE%D1%80%D1%82%D1%96%D0%B2-%D0%B1%D1%8E%D0%B4%D0%B6%D0%B5%D1%82%D0%BD%D0%B8%D1%85-%D0%BF%D1%80%D0%BE%D0%B3%D1%80%D0%B0%D0%BC-%D0%B7%D0%B0-2018-%D1%80%D1%96%D0%BA,N/A
25,"Титульні списки на проведення капітального та поточного ремонту, будівництва, реконструкції та благоустрою",КВП «Кременчуцьке міське управління капітального будівництва»,https://opendata.kremen.gov.ua/dataset/%D1%82%D0%B8%D1%82%D1%83%D0%BB%D1%8C%D0%BD%D0%B8%D0%B9-%D1%81%D0%BF%D0%B8%D1%81%D0%BE%D0%BA-%D0%BD%D0%B0-%D0%B2%D0%B8%D0%BA%D0%BE%D0%BD%D0%B0%D0%BD%D0%BD%D1%8F-%D1%80%D0%BE%D0%B1%D1%96%D1%82-%D0%B7-%D0%BD%D0%BE%D0%B2%D0%BE%D0%B3%D0%BE-%D0%B1%D1%83%D0%B4%D1%96%D0%B2%D0%BD%D0%B8%D1%86%D1%82%D0%B2%D0%B0-%D1%80%D0%B5%D0%BA%D0%BE%D0%BD%D1%81%D1%82%D1%80%D1%83%D0%BA%D1%86%D1%96%D1%97-%D1%82%D0%B0-%D1%82%D0%B5%D1%85%D0%BD%D1%96%D1%87%D0%BD%D0%BE%D0%B3%D0%BE,N/A
26,"Інформація про рекламні засоби (дані про місце розміщення рекламного засобу, його вид і розміри, найменування розповсюджувача зовнішньої реклами, номер його телефону, дата видачі дозволу та строк його дії, номер і дата укладення договору, якщо місце розміщення рекламного засобу належить до комунальної власності)",Управління контролю за станом благоустрою Комунальне підприємство «Міськоформлення»,https://opendata.kremen.gov.ua/dataset/%D1%96%D0%BD%D1%84%D0%BE%D1%80%D0%BC%D0%B0%D1%86%D1%96%D1%8F-%D0%BF%D1%80%D0%BE-%D1%80%D0%B5%D0%BA%D0%BB%D0%B0%D0%BC%D0%BD%D1%96-%D0%B7%D0%B0%D1%81%D0%BE%D0%B1%D0%B8-1,https://data.gov.ua/dataset/74a358eb-0e2c-40f0-a634-3ad63b80b7d4
27,"Реєстр боргових зобов’язань суб’єктів господарювання комунальної власності територіальної громади (як суб’єктів господарювання перед третіми особами, так і третіх осіб - перед суб’єктами господарюваня)",Департамент фінансів,https://opendata.kremen.gov.ua/dataset/%D1%80%D0%B5%D1%94%D1%81%D1%82%D1%80-%D0%B1%D0%BE%D1%80%D0%B3%D0%BE%D0%B2%D0%B8%D1%85-%D0%B7%D0%BE%D0%B1%D0%BE%D0%B2%D1%8F%D0%B7%D0%B0%D0%BD%D1%8C,N/A
28,"Перелік інвестиційних договорів, додатків, додаткових угод та інших матеріалів до них, умов, у тому числі посилань на оприлюднені ресурси в Інтернеті",Комунальне підприємство «Кременчуцький центр міжнародних зв'язків та економічного розвитку міста «Кременчук Інвест»,https://opendata.kremen.gov.ua/dataset/%D0%BF%D0%B5%D1%80%D0%B5%D0%BB%D1%96%D0%BA-%D1%96%D0%BD%D0%B2%D0%B5%D1%81%D1%82%D0%B5%D1%86%D1%96%D0%B9%D0%BD%D0%B8%D1%85-%D0%B4%D0%BE%D0%B3%D0%BE%D0%B2%D0%BE%D1%80%D1%96%D0%B2-%D0%B4%D0%BE%D0%B4%D0%B0%D1%82%D0%BA%D1%96%D0%B2-%D0%B4%D0%BE%D0%B4%D0%B0%D1%82%D0%BA%D0%BE%D0%B2%D0%B8%D1%85-%D1%83%D0%B3%D0%BE%D0%B4-%D1%82%D0%B0-%D1%96%D0%BD%D1%88%D0%B8%D1%85-%D0%BC%D0%B0%D1%82%D0%B5%D1%80%D1%96%D0%B0%D0%BB%D1%96%D0%B2-%D0%B4%D0%BE-%D0%BD%D0%B8%D1%85-%D1%83%D0%BC%D0%BE%D0%B2-%D1%83,https://data.gov.ua/dataset/587c8441-3e15-4c3f-810f-d53c4f5d0e23 
29,"Дані про об’єкти та засоби торгівлі (пересувна, сезонна та інші)","Управління розвитку підприємництва, торгівлі, побуту та регуляторної політики / Архітектура",https://opendata.kremen.gov.ua/dataset/%D0%B4%D0%B0%D0%BD%D1%96-%D0%BF%D1%80%D0%BE-%D0%BE%D0%B1%E2%80%99%D1%94%D0%BA%D1%82%D0%B8-%D1%82%D0%B0-%D0%B7%D0%B0%D1%81%D0%BE%D0%B1%D0%B8-%D1%82%D0%BE%D1%80%D0%B3%D1%96%D0%B2%D0%BB%D1%96-%D0%BF%D0%B5%D1%80%D0%B5%D1%81%D1%83%D0%B2%D0%BD%D0%B0-%D1%81%D0%B5%D0%B7%D0%BE%D0%BD%D0%BD%D0%B0-%D1%82%D0%B0-%D1%96%D0%BD%D1%88%D1%96 ,N/A
30,Відомості щодо схем розміщення засобів сезонної торгівлі,"Управління розвитку підприємництва, торгівлі, побуту та регуляторної політики",https://opendata.kremen.gov.ua/dataset/%D0%B2%D1%96%D0%B4%D0%BE%D0%BC%D0%BE%D1%81%D1%82%D1%96-%D1%89%D0%BE%D0%B4%D0%BE-%D1%81%D1%85%D0%B5%D0%BC-%D1%80%D0%BE%D0%B7%D0%BC%D1%96%D1%89%D0%B5%D0%BD%D0%BD%D1%8F-%D0%B7%D0%B0%D1%81%D0%BE%D0%B1%D1%96%D0%B2-%D1%81%D0%B5%D0%B7%D0%BE%D0%BD%D0%BD%D0%BE%D1%97-%D1%82%D0%BE%D1%80%D0%B3%D1%96%D0%B2%D0%BB%D1%96,https://data.gov.ua/dataset/e0876eb7-8c6d-4f6d-916e-08e99c4fa897
31,"Відомості про ярмарки (строк проведення, місце, кількість місць, вартість місць), організаторів ярмарків, договори, укладені з організаторами таких ярмарків","Управління розвитку підприємництва, торгівлі, побуту та регуляторної політики",https://opendata.kremen.gov.ua/dataset/%D0%B2%D1%96%D0%B4%D0%BE%D0%BC%D0%BE%D1%81%D1%82%D1%96-%D1%89%D0%BE%D0%B4%D0%BE-%D1%8F%D1%80%D0%BC%D0%B0%D1%80%D0%BA%D1%96%D0%B2,https://data.gov.ua/dataset/a081b871-a113-4e60-abe6-acadd8526a2c
32,Дані про розміщення громадських вбиралень,Департамент житлово-комунального господарства,https://opendata.kremen.gov.ua/dataset/%D0%B4%D0%B0%D0%BD%D1%96-%D0%BF%D1%80%D0%BE-%D1%80%D0%BE%D0%B7%D0%BC%D1%96%D1%89%D0%B5%D0%BD%D0%BD%D1%8F-%D0%B3%D1%80%D0%BE%D0%BC%D0%B0%D0%B4%D1%81%D1%8C%D0%BA%D0%B8%D1%85-%D0%B2%D0%B1%D0%B8%D1%80%D0%B0%D0%BB%D0%B5%D0%BD%D1%8C,N/A
33,"Відомості щодо залучення пайової участі (як у забезпечення розвитку інженерно-транспортної інфраструктури, так і в утримання об’єктів благоустрою)","Управління розвитку підприємництва, торгівлі, побуту та регуляторної політики",https://opendata.kremen.gov.ua/dataset/%D0%BF%D0%B5%D1%80%D0%B5%D0%BB%D1%96%D0%BA-%D1%83%D0%BA%D0%BB%D0%B0%D0%B4%D0%B5%D0%BD%D0%B8%D1%85-%D0%B4%D0%BE%D0%B3%D0%BE%D0%B2%D0%BE%D1%80%D1%96%D0%B2-%D0%BF%D1%80%D0%BE-%D0%BF%D0%B0%D0%B9%D0%BE%D0%B2%D1%83-%D1%83%D1%87%D0%B0%D1%81%D1%82%D1%8C-%D0%B2-%D1%83%D1%82%D1%80%D0%B8%D0%BC%D0%B0%D0%BD%D0%BD%D1%96-%D0%BE%D0%B1%D1%94%D0%BA%D1%82%D1%96%D0%B2-%D0%B1%D0%BB%D0%B0%D0%B3%D0%BE%D1%83%D1%81%D1%82%D1%80%D0%BE%D1%8E,N/A
34,"Перелік перевізників, що надають послуги пасажирського автомобільного транспорту, та маршрути перевезення",Відділ транспорту,https://opendata.kremen.gov.ua/dataset/%D0%BF%D0%B5%D1%80%D0%B5%D0%BB%D1%96%D0%BA-%D0%BF%D0%B5%D1%80%D0%B5%D0%B2%D1%96%D0%B7%D0%BD%D0%B8%D0%BA%D1%96%D0%B2-%D1%89%D0%BE-%D0%BD%D0%B0%D0%B4%D0%B0%D1%8E%D1%82%D1%8C-%D0%BF%D0%BE%D1%81%D0%BB%D1%83%D0%B3%D0%B8-%D0%BF%D0%B0%D1%81%D0%B0%D0%B6%D0%B8%D1%80%D1%81%D1%8C%D0%BA%D0%BE%D0%B3%D0%BE-%D0%B0%D0%B2%D1%82%D0%BE%D0%BC%D0%BE%D0%B1%D1%96%D0%BB%D1%8C%D0%BD%D0%BE%D0%B3%D0%BE-%D1%82%D1%80%D0%B0%D0%BD%D1%81%D0%BF%D0%BE%D1%80%D1%82%D1%83-%D1%82%D0%B0-%D0%BC%D0%B0%D1%80%D1%88%D1%80%D1%83%D1%82%D1%96%D0%B2,https://data.gov.ua/dataset/5ed93d8b-9f68-4786-9b36-eb50c1a7f12c 
35,"Відомості щодо транспортних засобів, які обслуговують пасажирські автобусні, тролейбусні та трамвайні маршрути перевезення (кількість транспортних засобів на кожному маршруті, марка, модель, державний номер, пасажиромісткість)",Відділ транспорту,https://opendata.kremen.gov.ua/dataset/%D0%B2%D1%96%D0%B4%D0%BE%D0%BC%D0%BE%D1%81%D1%82%D1%96-%D0%BF%D1%80%D0%BE-%D1%82%D1%80%D0%B0%D0%BD%D1%81%D0%BF%D0%BE%D1%80%D1%82%D0%BD%D1%96-%D0%B7%D0%B0%D1%81%D0%BE%D0%B1%D0%B8-%D1%8F%D0%BA%D1%96-%D0%BE%D0%B1%D1%81%D0%BB%D1%83%D0%B3%D0%BE%D0%B2%D1%83%D1%8E%D1%82%D1%8C-%D0%BF%D0%B0%D1%81%D0%B0%D0%B6%D0%B8%D1%80%D1%81%D1%8C%D0%BA%D1%96-%D0%B0%D0%B2%D1%82%D0%BE%D0%B1%D1%83%D1%81%D0%BD%D1%96-%D0%BC%D0%B0%D1%80%D1%88%D1%80%D1%83%D1%82%D0%B8-%D0%BF%D0%B5%D1%80%D0%B5%D0%B2%D0%B5%D0%B7%D0%B5%D0%BD%D0%BD%D1%8F ,N/A
36,Розклад руху громадського транспорту,Відділ транспорту,https://opendata.kremen.gov.ua/dataset/%D1%80%D0%BE%D0%B7%D0%BA%D0%BB%D0%B0%D0%B4-%D1%80%D1%83%D1%85%D1%83-%D0%B3%D1%80%D0%BE%D0%BC%D0%B0%D0%B4%D1%81%D1%8C%D0%BA%D0%BE%D0%B3%D0%BE-%D1%82%D1%80%D0%B0%D0%BD%D1%81%D0%BF%D0%BE%D1%80%D1%82%D1%83-%D0%BD%D0%B0-%D0%BC%D1%96%D1%81%D1%8C%D0%BA%D0%B8%D1%85-%D0%BC%D0%B0%D1%80%D1%88%D1%80%D1%83%D1%82%D0%B0%D1%85,N/A
37,Дані про місце розміщення зупинок міського електро- та автомобільного транспорту,"Відділ транспорту, архітектура",https://opendata.kremen.gov.ua/dataset/%D0%B4%D0%B0%D0%BD%D1%96-%D0%BF%D1%80%D0%BE-%D0%BC%D1%96%D1%81%D1%86%D0%B5-%D1%80%D0%BE%D0%B7%D0%BC%D1%96%D1%89%D0%B5%D0%BD%D0%BD%D1%8F-%D0%B7%D1%83%D0%BF%D0%B8%D0%BD%D0%BE%D0%BA-%D0%BC%D1%96%D1%81%D1%8C%D0%BA%D0%BE%D0%B3%D0%BE-%D0%B5%D0%BB%D0%B5%D0%BA%D1%82%D1%80%D0%BE-%D1%82%D0%B0-%D0%B0%D0%B2%D1%82%D0%BE%D0%BC%D0%BE%D0%B1%D1%96%D0%BB%D1%8C%D0%BD%D0%BE%D0%B3%D0%BE-%D1%82%D1%80%D0%B0%D0%BD%D1%81%D0%BF%D0%BE%D1%80%D1%82%D1%83 ,N/A
38,"Перелік земельних ділянок, що пропонуються для здійснення забудови",Управління земельних ресурсів,https://opendata.kremen.gov.ua/dataset/%D0%BF%D0%B5%D1%80%D0%B5%D0%BB%D1%96%D0%BA-%D0%B7%D0%B5%D0%BC%D0%B5%D0%BB%D1%8C%D0%BD%D0%B8%D1%85-%D0%B4%D1%96%D0%BB%D1%8F%D0%BD%D0%BE%D0%BA-%D1%89%D0%BE-%D0%BF%D1%80%D0%BE%D0%BF%D0%BE%D0%BD%D1%83%D1%8E%D1%82%D1%8C%D1%81%D1%8F-%D0%B4%D0%BB%D1%8F-%D0%B7%D0%B4%D1%96%D0%B9%D1%81%D0%BD%D0%B5%D0%BD%D0%BD%D1%8F-%D0%B7%D0%B0%D0%B1%D1%83%D0%B4%D0%BE%D0%B2%D0%B8,https://data.gov.ua/dataset/18cd492e-79c9-4602-aa7a-a4339674a147 
39,"Перелік укладених договорів, укладені договори, інші правочини, додатки, додаткові угоди та інші матеріали до них",Управління бухгалтерського обліку та звітності,https://opendata.kremen.gov.ua/dataset/%D0%BF%D0%B5%D1%80%D0%B5%D0%BB%D1%96%D0%BA-%D1%83%D0%BA%D0%BB%D0%B0%D0%B4%D0%B5%D0%BD%D0%B8%D1%85-%D0%B4%D0%BE%D0%B3%D0%BE%D0%B2%D0%BE%D1%80%D1%96%D0%B2-%D1%83%D0%BA%D0%BB%D0%B0%D0%B4%D0%B5%D0%BD%D1%96-%D0%B4%D0%BE%D0%B3%D0%BE%D0%B2%D0%BE%D1%80%D0%B8-%D1%96%D0%BD%D1%88%D1%96-%D0%BF%D1%80%D0%B0%D0%B2%D0%BE%D1%87%D0%B8%D0%BD%D0%B8-%D0%B4%D0%BE%D0%B4%D0%B0%D1%82%D0%BA%D0%B8-%D0%B4%D0%BE%D0%B4%D0%B0%D1%82%D0%BA%D0%BE%D0%B2%D1%96-%D1%83%D0%B3%D0%BE%D0%B4%D0%B8-%D1%82%D0%B0-104,https://data.gov.ua/dataset/20cd043b-665b-45fa-9fcc-75133e66c5e4 
40,Актуальні списки власників/орендарів місцевих земельних ділянок,Управління земельних ресурсів,https://opendata.kremen.gov.ua/dataset/%D0%B0%D0%BA%D1%82%D1%83%D0%B0%D0%BB%D1%8C%D0%BD%D1%96-%D1%81%D0%BF%D0%B8%D1%81%D0%BA%D0%B8-%D0%BE%D1%80%D0%B5%D0%BD%D0%B4%D0%B0%D1%80%D1%96%D0%B2-%D0%BC%D1%96%D1%81%D1%86%D0%B5%D0%B2%D0%B8%D1%85-%D0%B7%D0%B5%D0%BC%D0%B5%D0%BB%D1%8C%D0%BD%D0%B8%D1%85-%D0%B4%D1%96%D0%BB%D1%8F%D0%BD%D0%BE%D0%BA,N/A
41,"Відомості про лікарські засоби/препарати, придбані за бюджетні кошти, відомості про розподілення таких ліків між закладами охорони здоров’я та їх залишки в кожному з них",Управління охорони здоров’я,"https://opendata.kremen.gov.ua/search/type/dataset?query=%D0%92%D1%96%D0%B4%D0%BE%D0%BC%D0%BE%D1%81%D1%82%D1%96%20%D0%BF%D1%80%D0%BE%20%D0%BB%D1%96%D0%BA%D0%B0%D1%80%D1%81%D1%8C%D0%BA%D1%96%20%D0%B7%D0%B0%D1%81%D0%BE%D0%B1%D0%B8
",N/A
42,"Бази даних щодо ремонту доріг: точне зазначення ділянки відремонтованої дороги (від кілометра до кілометра), ширина та довжина дороги, довжина ділянки, товщина дорожнього покриття, матеріали, види робіт, вартість робіт, гарантійний строк, виконавці робіт",Департамент житлово-комунального господарства,https://opendata.kremen.gov.ua/dataset/%D0%B1%D0%B0%D0%B7%D0%B0-%D0%B4%D0%B0%D0%BD%D0%B8%D1%85-%D1%89%D0%BE%D0%B4%D0%BE-%D1%80%D0%B5%D0%BC%D0%BE%D0%BD%D1%82%D1%83-%D0%B4%D0%BE%D1%80%D1%96%D0%B3,N/A
43,"Схеми планування територій громад та плани зонування територій (для сільських, селищних, міських рад)",Управління містобудування та архітектури,https://opendata.kremen.gov.ua/dataset/%D1%81%D1%85%D0%B5%D0%BC%D0%B8-%D0%BF%D0%BB%D0%B0%D0%BD%D1%83%D0%B2%D0%B0%D0%BD%D0%BD%D1%8F-%D1%82%D0%B5%D1%80%D0%B8%D1%82%D0%BE%D1%80%D1%96%D0%B9-%D0%B3%D1%80%D0%BE%D0%BC%D0%B0%D0%B4-%D1%82%D0%B0-%D0%BF%D0%BB%D0%B0%D0%BD%D0%B8-%D0%B7%D0%BE%D0%BD%D1%83%D0%B2%D0%B0%D0%BD%D0%BD%D1%8F-%D1%82%D0%B5%D1%80%D0%B8%D1%82%D0%BE%D1%80%D1%96%D0%B9,N/A
44,Поіменні результати голосування депутатів на пленарних засіданнях органу місцевого самоврядування,Відділ інформаційно-комп'ютерних технологій,https://opendata.kremen.gov.ua/dataset/%D0%BF%D0%BE%D1%96%D0%BC%D0%B5%D0%BD%D0%BD%D1%96-%D1%80%D0%B5%D0%B7%D1%83%D0%BB%D1%8C%D1%82%D0%B0%D1%82%D0%B8-%D0%B3%D0%BE%D0%BB%D0%BE%D1%81%D1%83%D0%B2%D0%B0%D0%BD%D0%BD%D1%8F-%D0%B4%D0%B5%D0%BF%D1%83%D1%82%D0%B0%D1%82%D1%96%D0%B2-%D0%BD%D0%B0-%D0%BF%D0%BB%D0%B5%D0%BD%D0%B0%D1%80%D0%BD%D0%B8%D1%85-%D0%B7%D0%B0%D1%81%D1%96%D0%B4%D0%B0%D0%BD%D0%BD%D1%8F%D1%85,N/A
45,"Дані про депутатів місцевих рад, у тому числі контактні дані та графік прийому",Управління запезпечення діяльності ради,https://opendata.kremen.gov.ua/dataset/%D0%B4%D0%B0%D0%BD%D1%96-%D0%BF%D1%80%D0%BE-%D0%B4%D0%B5%D0%BF%D1%83%D1%82%D0%B0%D1%82%D1%96%D0%B2-%D0%BA%D1%80%D0%B5%D0%BC%D0%B5%D0%BD%D1%87%D1%83%D1%86%D1%8C%D0%BA%D0%BE%D1%97-%D0%BC%D1%96%D1%81%D1%8C%D0%BA%D0%BE%D1%97-%D1%80%D0%B0%D0%B4%D0%B8,https://data.gov.ua/dataset/cff6be76-10ec-44ca-9ea2-da7623d5e1d4
46,"Дані про зелені насадження, що підлягають видаленню, відповідно до виданих актів обстеження зелених насаджень",Департамент житлово-комунального господарства,https://opendata.kremen.gov.ua/dataset/%D0%B4%D0%B0%D0%BD%D1%96-%D0%BF%D1%80%D0%BE-%D0%B7%D0%B5%D0%BB%D0%B5%D0%BD%D1%96-%D0%BD%D0%B0%D1%81%D0%B0%D0%B4%D0%B6%D0%B5%D0%BD%D0%BD%D1%8F-%D1%89%D0%BE-%D0%BF%D1%96%D0%B4%D0%BB%D1%8F%D0%B3%D0%B0%D1%8E%D1%82%D1%8C-%D0%B2%D0%B8%D0%B4%D0%B0%D0%BB%D0%B5%D0%BD%D0%BD%D1%8E-%D0%B2%D1%96%D0%B4%D0%BF%D0%BE%D0%B2%D1%96%D0%B4%D0%BD%D0%BE-%D0%B4%D0%BE-%D0%B2%D0%B8%D0%B4%D0%B0%D0%BD%D0%B8%D1%85-%D0%B0%D0%BA%D1%82%D1%96%D0%B2-%D0%BE%D0%B1%D1%81%D1%82%D0%B5%D0%B6%D0%B5%D0%BD%D0%BD%D1%8F,N/A
47,Надані містобудівні умови та обмеження,Управління містобудування та архітектури,https://opendata.kremen.gov.ua/dataset/%D0%BD%D0%B0%D0%B4%D0%B0%D0%BD%D1%96-%D0%BC%D1%96%D1%81%D1%82%D0%BE%D0%B1%D1%83%D0%B4%D1%96%D0%B2%D0%BD%D1%96-%D1%83%D0%BC%D0%BE%D0%B2%D0%B8-%D1%82%D0%B0-%D0%BE%D0%B1%D0%BC%D0%B5%D0%B6%D0%B5%D0%BD%D0%BD%D1%8F ,N/A
48,Дані про доступність будівель для осіб з інвалідністю та інших маломобільних груп населення,Управління містобудування та архітектури,https://opendata.kremen.gov.ua/dataset/%D0%B4%D0%B0%D0%BD%D1%96-%D0%BF%D1%80%D0%BE-%D0%B4%D0%BE%D1%81%D1%82%D1%83%D0%BF%D0%BD%D1%96%D1%81%D1%82%D1%8C-%D0%B1%D1%83%D0%B4%D1%96%D0%B2%D0%B5%D0%BB%D1%8C-%D0%B4%D0%BB%D1%8F-%D0%BE%D1%81%D1%96%D0%B1-%D0%B7-%D1%96%D0%BD%D0%B2%D0%B0%D0%BB%D1%96%D0%B4%D0%BD%D1%96%D1%81%D1%82%D1%8E-%D1%82%D0%B0-%D1%96%D0%BD%D1%88%D0%B8%D1%85-%D0%BC%D0%B0%D0%BB%D0%BE%D0%BC%D0%BE%D0%B1%D1%96%D0%BB%D1%8C%D0%BD%D0%B8%D1%85-%D0%B3%D1%80%D1%83%D0%BF-%D0%BD%D0%B0%D1%81%D0%B5%D0%BB%D0%B5%D0%BD%D0%BD%D1%8F,N/A
49,Дані про тарифи на комунальні послуги,Управління економіки,https://opendata.kremen.gov.ua/dataset/%D0%B4%D0%B0%D0%BD%D1%96-%D0%BF%D1%80%D0%BE-%D1%82%D0%B0%D1%80%D0%B8%D1%84%D0%B8-%D0%BD%D0%B0-%D0%BA%D0%BE%D0%BC%D1%83%D0%BD%D0%B0%D0%BB%D1%8C%D0%BD%D1%96-%D0%BF%D0%BE%D1%81%D0%BB%D1%83%D0%B3%D0%B8,N/A
50,"Дані про надходження звернень на гарячі лінії, у аварійно-диспетчерські служби, телефонні центри тощо",Відділ оперативного контролю за станом в місті,https://opendata.kremen.gov.ua/dataset/%D0%B4%D0%B0%D0%BD%D1%96-%D0%BF%D1%80%D0%BE-%D0%BD%D0%B0%D0%B4%D1%85%D0%BE%D0%B4%D0%B6%D0%B5%D0%BD%D0%BD%D1%8F-%D0%B7%D0%B2%D0%B5%D1%80%D0%BD%D0%B5%D0%BD%D1%8C-%D0%BD%D0%B0-%D0%B3%D0%B0%D1%80%D1%8F%D1%87%D1%83-%D0%BB%D1%96%D0%BD%D1%96%D1%8E,N/A
51,"Дані про електронні петиції, у тому числі, осіб, що їх підписали, та результати розгляду",Управління по роботі зі зверненнями громадян,https://opendata.kremen.gov.ua/dataset/%D1%96%D0%BD%D1%84%D0%BE%D1%80%D0%BC%D0%B0%D1%86%D1%96%D1%8F-%D0%BF%D1%80%D0%BE-%D0%BD%D0%B0%D0%B4%D1%85%D0%BE%D0%B4%D0%B6%D0%B5%D0%BD%D0%BD%D1%8F-%D0%B5%D0%BB%D0%B5%D0%BA%D1%82%D1%80%D0%BE%D0%BD%D0%BD%D0%B8%D1%85-%D0%BF%D0%B5%D1%82%D0%B8%D1%86%D1%96%D0%B9-%D1%83-%D1%96-%D0%BF%D1%96%D0%B2%D1%80%D1%96%D1%87%D1%87%D1%96-2019-%D1%80%D0%BE%D0%BA%D1%83,N/A
52,"Дані громадського бюджету, бюджету участі тощо, у тому числі про проекти, результати голосування, реалізацію підтриманих проектів",Відділ з питань внутрішньої політики,https://opendata.kremen.gov.ua/dataset/%D0%B4%D0%B0%D0%BD%D1%96-%D0%B3%D1%80%D0%BE%D0%BC%D0%B0%D0%B4%D1%81%D1%8C%D0%BA%D0%BE%D0%B3%D0%BE-%D0%B1%D1%8E%D0%B4%D0%B6%D0%B5%D1%82%D1%83-%D0%B1%D1%8E%D0%B4%D0%B6%D0%B5%D1%82%D1%83-%D1%83%D1%87%D0%B0%D1%81%D1%82%D1%96-%D1%82%D0%BE%D1%89%D0%BE-%D1%83-%D1%82%D0%BE%D0%BC%D1%83-%D1%87%D0%B8%D1%81%D0%BB%D1%96-%D0%BF%D1%80%D0%BE-%D0%BF%D1%80%D0%BE%D0%B5%D0%BA%D1%82%D0%B8-%D1%80%D0%B5%D0%B7%D1%83%D0%BB%D1%8C%D1%82%D0%B0%D1%82%D0%B8,N/A
53,"Перелік об’єктів комунальної власності, які підлягають приватизації",Управління міського майна,https://opendata.kremen.gov.ua/dataset/%D0%BF%D0%B5%D1%80%D0%B5%D0%BB%D1%96%D0%BA-%D0%BE%D0%B1%D1%94%D0%BA%D1%82%D1%96%D0%B2-%D0%BA%D0%BE%D0%BC%D1%83%D0%BD%D0%B0%D0%BB%D1%8C%D0%BD%D0%BE%D1%97-%D0%B2%D0%BB%D0%B0%D1%81%D0%BD%D0%BE%D1%81%D1%82%D1%96-%D1%8F%D0%BA%D1%96-%D0%BF%D1%96%D0%B4%D0%BB%D1%8F%D0%B3%D0%B0%D1%8E%D1%82%D1%8C-%D0%BF%D1%80%D0%B8%D0%B2%D0%B0%D1%82%D0%B8%D0%B7%D0%B0%D1%86%D1%96%D1%97,N/A
54,Адресний реєстр,Управління містобудування та архітектури,https://opendata.kremen.gov.ua/dataset/%D0%B0%D0%B4%D1%80%D0%B5%D1%81%D0%BD%D0%B8%D0%B9-%D1%80%D0%B5%D1%94%D1%81%D1%82%D1%80,N/A
55,Дані про надані адміністративні послуги,"Департамент ""Центр надання адміністративних послуг у місті Кременчуці""",https://opendata.kremen.gov.ua/dataset/%D0%B4%D0%B0%D0%BD%D1%96-%D0%BF%D1%80%D0%BE-%D0%BD%D0%B0%D0%B4%D0%B0%D0%BD%D1%96-%D0%B0%D0%B4%D0%BC%D1%96%D0%BD%D1%96%D1%81%D1%82%D1%80%D0%B0%D1%82%D0%B8%D0%B2%D0%BD%D1%96-%D0%BF%D0%BE%D1%81%D0%BB%D1%83%D0%B3%D0%B8,https://data.gov.ua/dataset/2f5debd4-a24b-4618-bd6b-945d36a6adc6
56,Дані про видані будівельні паспорти,Управління державного архітектурно-будівельного контролю,https://opendata.kremen.gov.ua/dataset/%D0%B4%D0%B0%D0%BD%D1%96-%D0%BF%D1%80%D0%BE-%D0%B2%D0%B8%D0%B4%D0%B0%D0%BD%D1%96-%D0%B1%D1%83%D0%B4%D1%96%D0%B2%D0%B5%D0%BB%D1%8C%D0%BD%D1%96-%D0%BF%D0%B0%D1%81%D0%BF%D0%BE%D1%80%D1%82%D0%B8,N/A
57,Дані про медичних працівників закладів охорони здоров’я,Управління охорони здоров’я,https://opendata.kremen.gov.ua/dataset/%D0%B4%D0%B0%D0%BD%D1%96-%D0%BF%D1%80%D0%BE-%D0%BC%D0%B5%D0%B4%D0%B8%D1%87%D0%BD%D0%B8%D1%85-%D0%BF%D1%80%D0%B0%D1%86%D1%96%D0%B2%D0%BD%D0%B8%D0%BA%D1%96%D0%B2,N/A
58,Дані про педагогічних працівників закладів освіти,Департамент освіти,https://opendata.kremen.gov.ua/dataset/%D0%B4%D0%B0%D0%BD%D1%96-%D0%BF%D1%80%D0%BE-%D0%BF%D0%B5%D0%B4%D0%B0%D0%B3%D0%BE%D0%B3%D1%96%D1%87%D0%BD%D0%B8%D1%85-%D0%BF%D1%80%D0%B0%D1%86%D1%96%D0%B2%D0%BD%D0%B8%D0%BA%D1%96%D0%B2-%D0%B7%D0%B0%D0%BA%D0%BB%D0%B0%D0%B4%D1%96%D0%B2-%D0%B7%D0%B0%D0%B3%D0%B0%D0%BB%D1%8C%D0%BD%D0%BE%D1%97-%D1%81%D0%B5%D1%80%D0%B5%D0%B4%D0%BD%D1%8C%D0%BE%D1%97-%D0%BE%D1%81%D0%B2%D1%96%D1%82%D0%B8-%D0%BC-%D0%BA%D1%80%D0%B5%D0%BC%D0%B5%D0%BD%D1%87%D1%83%D0%BA%D0%B0,N/A
59,Дані про медичне обладнання комунальних закладів охорони здоров’я,Управління охорони здоров’я,https://opendata.kremen.gov.ua/dataset/%D0%B4%D0%B0%D0%BD%D1%96-%D0%BF%D1%80%D0%BE-%D0%BC%D0%B5%D0%B4%D0%B8%D1%87%D0%BD%D0%B5-%D0%BE%D0%B1%D0%BB%D0%B0%D0%B4%D0%BD%D0%B0%D0%BD%D0%BD%D1%8F-%D0%BA%D0%BE%D0%BC%D1%83%D0%BD%D0%B0%D0%BB%D1%8C%D0%BD%D0%B8%D1%85-%D0%B7%D0%B0%D0%BA%D0%BB%D0%B0%D0%B4%D1%96%D0%B2-%D0%BE%D1%85%D0%BE%D1%80%D0%BE%D0%BD%D0%B8-%D0%B7%D0%B4%D0%BB%D0%BE%D1%80%D0%BE%D0%B2%D1%8F,N/A
60,"Дані про розміщення спецтехніки, що використовується для надання комунальних послуг, благоустрою, здійснення будівельних та ремонтних робіт",Департамент житлово-комунального господарства,https://opendata.kremen.gov.ua/search/type/dataset?query=%D0%94%D0%B0%D0%BD%D1%96%20%D0%BF%D1%80%D0%BE%20%D1%80%D0%BE%D0%B7%D0%BC%D1%96%D1%89%D0%B5%D0%BD%D0%BD%D1%8F%20%D1%81%D0%BF%D0%B5%D1%86%D1%82%D0%B5%D1%85%D0%BD%D1%96%D0%BA%D0%B8 ,N/A
61,"Перелік бюджетних програм, у тому числі посилання на оприлюднені ресурси в Інтернеті",Департамент фінансів,https://opendata.kremen.gov.ua/dataset/%D0%BF%D0%B0%D1%81%D0%BF%D0%BE%D1%80%D1%82%D0%B8-%D0%B1%D1%8E%D0%B4%D0%B6%D0%B5%D1%82%D0%BD%D0%B8%D1%85-%D0%BF%D1%80%D0%BE%D0%B3%D1%80%D0%B0%D0%BC-%D0%BD%D0%B0-2019-%D1%80%D1%96%D0%BA-0,N/A
62,"Перелік цільових програм, у тому числі посилання на оприлюднені ресурси в Інтернеті",Управління економіки,https://opendata.kremen.gov.ua/dataset/%D0%BF%D0%B5%D1%80%D0%B5%D0%BB%D1%96%D0%BA-%D1%86%D1%96%D0%BB%D1%8C%D0%BE%D0%B2%D0%B8%D1%85-%D0%BF%D1%80%D0%BE%D0%B3%D1%80%D0%B0%D0%BC-%D1%83-%D1%82%D0%BE%D0%BC%D1%83-%D1%87%D0%B8%D1%81%D0%BB%D1%96-%D0%BF%D0%BE%D1%81%D0%B8%D0%BB%D0%B0%D0%BD%D0%BD%D1%8F-%D0%BD%D0%B0-%D0%BE%D0%BF%D1%80%D0%B8%D0%BB%D1%8E%D0%B4%D0%BD%D0%B5%D0%BD%D1%96-%D1%80%D0%B5%D1%81%D1%83%D1%80%D1%81%D0%B8-%D0%B2-%D1%96%D0%BD%D1%82%D0%B5%D1%80%D0%BD%D0%B5%D1%82%D1%96,N/A
63,Перелік розпорядників бюджетних коштів,Департамент фінансів,https://opendata.kremen.gov.ua/dataset/%D0%BF%D0%B5%D1%80%D0%B5%D0%BB%D1%96%D0%BA-%D1%80%D0%BE%D0%B7%D0%BF%D0%BE%D1%80%D1%8F%D0%B4%D0%BD%D0%B8%D0%BA%D1%96%D0%B2-%D0%B1%D1%8E%D0%B4%D0%B6%D0%B5%D1%82%D0%BD%D0%B8%D1%85-%D0%BA%D0%BE%D1%88%D1%82%D1%96%D0%B2,N/A
64,Фінансова звітність суб’єктів господарювання комунального сектору економіки,Департамент фінансів,https://opendata.kremen.gov.ua/dataset/%D1%84%D1%96%D0%BD%D0%B0%D0%BD%D1%81%D0%BE%D0%B2%D0%B0-%D0%B7%D0%B2%D1%96%D1%82%D0%BD%D1%96%D1%81%D1%82%D1%8C-%D1%81%D1%83%D0%B1%E2%80%99%D1%94%D0%BA%D1%82%D1%96%D0%B2-%D0%B3%D0%BE%D1%81%D0%BF%D0%BE%D0%B4%D0%B0%D1%80%D1%8E%D0%B2%D0%B0%D0%BD%D0%BD%D1%8F-%D0%BA%D0%BE%D0%BC%D1%83%D0%BD%D0%B0%D0%BB%D1%8C%D0%BD%D0%BE%D0%B3%D0%BE-%D1%81%D0%B5%D0%BA%D1%82%D0%BE%D1%80%D1%83-%D0%B5%D0%BA%D0%BE%D0%BD%D0%BE%D0%BC%D1%96%D0%BA%D0%B8,N/A
65,"Перелік дошкільних, середніх, позашкільних та професійно-технічних навчальних закладів і статистична інформація щодо них",Департамент освіти,https://opendata.kremen.gov.ua/dataset/%D0%BF%D0%B5%D1%80%D0%B5%D0%BB%D1%96%D0%BA-%D0%B4%D0%BE%D1%88%D0%BA%D1%96%D0%BB%D1%8C%D0%BD%D0%B8%D1%85-%D1%81%D0%B5%D1%80%D0%B5%D0%B4%D0%BD%D1%96%D1%85-%D1%82%D0%B0-%D0%BF%D0%BE%D0%B7%D0%B0%D1%88%D0%BA%D1%96%D0%BB%D1%8C%D0%BD%D0%B8%D1%85-%D0%B7%D0%B0%D0%BA%D0%BB%D0%B0%D0%B4%D1%96%D0%B2-%D0%BE%D1%81%D0%B2%D1%96%D1%82%D0%B8-%D0%BC-%D0%BA%D1%80%D0%B5%D0%BC%D0%B5%D0%BD%D1%87%D1%83%D0%BA%D0%B0 ,N/A
66,Дані про черги дітей у дошкільні навчальні заклади,Департамент освіти,https://opendata.kremen.gov.ua/dataset/%D0%B4%D0%B0%D0%BD%D1%96-%D0%BF%D1%80%D0%BE-%D1%87%D0%B5%D1%80%D0%B3%D1%83-%D0%B4%D1%96%D1%82%D0%B5%D0%B9-%D1%83-%D0%B4%D0%BE%D1%88%D0%BA%D1%96%D0%BB%D1%8C%D0%BD%D1%96-%D0%BD%D0%B0%D0%B2%D1%87%D0%B0%D0%BB%D1%8C%D0%BD%D1%96-%D0%B7%D0%B0%D0%BA%D0%BB%D0%B0%D0%B4%D0%B8-%D0%B4%D0%B5%D0%BF%D0%B0%D1%80%D1%82%D0%B0%D0%BC%D0%B5%D0%BD%D1%82%D1%83-%D0%BE%D1%81%D0%B2%D1%96%D1%82%D0%B8 ,N/A
67,Території обслуговування загальноосвітніх навчальних закладів,Департамент освіти,https://opendata.kremen.gov.ua/dataset/%D1%82%D0%B5%D1%80%D0%B8%D1%82%D0%BE%D1%80%D1%96%D1%97-%D0%BE%D0%B1%D1%81%D0%BB%D1%83%D0%B3%D0%BE%D0%B2%D1%83%D0%B2%D0%B0%D0%BD%D0%BD%D1%8F-%D0%B7%D0%B0%D0%B3%D0%B0%D0%BB%D1%8C%D0%BD%D0%BE%D0%BE%D1%81%D0%B2%D1%96%D1%82%D0%BD%D1%96%D1%85-%D0%BD%D0%B0%D0%B2%D1%87%D0%B0%D0%BB%D1%8C%D0%BD%D0%B8%D1%85-%D0%B7%D0%B0%D0%BA%D0%BB%D0%B0%D0%B4%D1%96%D0%B2 ,N/A
68,Дані про видані дозволи на порушення об’єктів благоустрою,Управління контролю за станом благоустрою,https://opendata.kremen.gov.ua/dataset/%D0%B4%D0%B0%D0%BD%D1%96-%D0%BF%D1%80%D0%BE-%D0%B2%D0%B8%D0%B4%D0%B0%D0%BD%D1%96-%D0%B4%D0%BE%D0%B7%D0%B2%D0%BE%D0%BB%D0%B8-%D0%BD%D0%B0-%D0%BF%D0%BE%D1%80%D1%83%D1%88%D0%B5%D0%BD%D0%BD%D1%8F-%D0%BE%D0%B1%E2%80%99%D1%94%D0%BA%D1%82%D1%96%D0%B2-%D0%B1%D0%BB%D0%B0%D0%B3%D0%BE%D1%83%D1%81%D1%82%D1%80%D0%BE%D1%8E,N/A
69,Черга на отримання земельних ділянок із земель комунальної власності,Управління земельних ресурсів,https://opendata.kremen.gov.ua/dataset/%D1%87%D0%B5%D1%80%D0%B3%D0%B0-%D0%BD%D0%B0-%D0%BE%D1%82%D1%80%D0%B8%D0%BC%D0%B0%D0%BD%D0%BD%D1%8F-%D0%B7%D0%B5%D0%BC%D0%B5%D0%BB%D1%8C%D0%BD%D0%B8%D1%85-%D0%B4%D1%96%D0%BB%D1%8F%D0%BD%D0%BE%D0%BA-%D1%96%D0%B7-%D0%B7%D0%B5%D0%BC%D0%B5%D0%BB%D1%8C-%D0%BA%D0%BE%D0%BC%D1%83%D0%BD%D0%B0%D0%BB%D1%8C%D0%BD%D0%BE%D1%97-%D0%B2%D0%BB%D0%B0%D1%81%D0%BD%D0%BE%D1%81%D1%82%D1%96,N/A
70,"Дані обліку громадян, які потребують поліпшення житлових умов (квартирний облік)",Квартирне управління,https://opendata.kremen.gov.ua/dataset/%D0%B6%D0%B8%D1%82%D0%BB%D0%BE%D0%B2%D0%B0-%D0%BF%D0%BE%D0%BB%D1%96%D1%82%D0%B8%D0%BA%D0%B0-%D0%BA%D0%BF-%D0%BA%D0%B2%D0%B0%D1%80%D1%82%D0%B8%D1%80%D0%BD%D0%B5-%D1%83%D0%BF%D1%80%D0%B0%D0%B2%D0%BB%D1%96%D0%BD%D0%BD%D1%8F,N/A
71,"Дані про споживання комунальних ресурсів (електроенергія, теплова енергія, природний газ, тверде паливо, холодна та гаряча вода) комунальними підприємствами, установами (закладами) та організаціями",Відділ енергоменеджменту та енергетики,https://opendata.kremen.gov.ua/dataset/%D0%B4%D0%B0%D0%BD%D1%96-%D0%BF%D1%80%D0%BE-%D1%81%D0%BF%D0%BE%D0%B6%D0%B8%D0%B2%D0%B0%D0%BD%D0%BD%D1%8F-%D0%BA%D0%BE%D0%BC%D1%83%D0%BD%D0%B0%D0%BB%D1%8C%D0%BD%D0%B8%D1%85-%D1%80%D0%B5%D1%81%D1%83%D1%80%D1%81%D1%96%D0%B2-%D0%B5%D0%BB%D0%B5%D0%BA%D1%82%D1%80%D0%BE%D0%B5%D0%BD%D0%B5%D1%80%D0%B3%D1%96%D1%8F-%D1%82%D0%B5%D0%BF%D0%BB%D0%BE%D0%B2%D0%B0-%D0%B5%D0%BD%D0%B5%D1%80%D0%B3%D1%96%D1%8F-%D0%BF%D1%80%D0%B8%D1%80%D0%BE%D0%B4%D0%BD%D0%B8%D0%B9-%D0%B3%D0%B0%D0%B7-1,https://data.gov.ua/dataset/d8e83530-b7a4-45bb-9000-d440321f1a8c
72,Надходження і використання благодійної допомоги,Охорона здоров'я,https://opendata.kremen.gov.ua/dataset/%D0%BD%D0%B0%D0%B4%D1%85%D0%BE%D0%B4%D0%B6%D0%B5%D0%BD%D0%BD%D1%8F-%D1%96-%D0%B2%D0%B8%D0%BA%D0%BE%D1%80%D0%B8%D1%81%D1%82%D0%B0%D0%BD%D0%BD%D1%8F-%D0%B1%D0%BB%D0%B0%D0%B3%D0%BE%D0%B4%D1%96%D0%B9%D0%BD%D0%BE%D1%97-%D0%B4%D0%BE%D0%BF%D0%BE%D0%BC%D0%BE%D0%B3%D0%B8,N/A
73,Дані про надані містобудівні умови та обмеження,Управління містобудування та архітектури,https://opendata.kremen.gov.ua/dataset/%D0%B4%D0%B0%D0%BD%D1%96-%D0%BF%D1%80%D0%BE-%D0%BD%D0%B0%D0%B4%D0%B0%D0%BD%D1%96-%D0%BC%D1%96%D1%81%D1%82%D0%BE%D0%B1%D1%83%D0%B4%D1%96%D0%B2%D0%BD%D1%96-%D1%83%D0%BC%D0%BE%D0%B2%D0%B8-%D1%82%D0%B0-%D0%BE%D0%B1%D0%BC%D0%B5%D0%B6%D0%B5%D0%BD%D0%BD%D1%8F ,N/A
74,"Планові та фактичні показники сплати за договорами оренди комунальної власності, розміщення тимчасових споруд, розміщення рекламних засобів","Управління містобудування та архітектури, фонд майна, КП МОФ",https://opendata.kremen.gov.ua/dataset/%D0%BF%D0%BB%D0%B0%D0%BD%D0%BE%D0%B2%D1%96-%D1%82%D0%B0-%D1%84%D0%B0%D0%BA%D1%82%D0%B8%D1%87%D0%BD%D1%96-%D0%BF%D0%BE%D0%BA%D0%B0%D0%B7%D0%BD%D0%B8%D0%BA%D0%B8-%D1%81%D0%BF%D0%BB%D0%B0%D1%82%D0%B8-%D0%B7%D0%B0-%D0%B4%D0%BE%D0%B3%D0%BE%D0%B2%D0%BE%D1%80%D0%B0%D0%BC%D0%B8-%D0%BE%D1%80%D0%B5%D0%BD%D0%B4%D0%B8-%D0%BA%D0%BE%D0%BC%D1%83%D0%BD%D0%B0%D0%BB%D1%8C%D0%BD%D0%BE%D1%97-%D0%B2%D0%BB%D0%B0%D1%81%D0%BD%D0%BE%D1%81%D1%82%D1%96-%D1%80%D0%BE%D0%B7%D0%BC%D1%96%D1%89%D0%B5%D0%BD%D0%BD%D1%8F,N/A
75,"Дані про здійснення державного архітектурно-будівельного контролю, у тому числі про плани перевірок та складені документи (акти, приписи, протоколи, постанови)",Управління державного архітектурно-будівельного контролю,https://opendata.kremen.gov.ua/dataset/%D0%B4%D0%B0%D0%BD%D1%96-%D0%BF%D1%80%D0%BE-%D0%B7%D0%B4%D1%96%D0%B9%D1%81%D0%BD%D0%B5%D0%BD%D0%BD%D1%8F-%D0%B4%D0%B5%D1%80%D0%B6%D0%B0%D0%B2%D0%BD%D0%BE%D0%B3%D0%BE-%D0%B0%D1%80%D1%85%D1%96%D1%82%D0%B5%D0%BA%D1%82%D1%83%D1%80%D0%BD%D0%BE-%D0%B1%D1%83%D0%B4%D1%96%D0%B2%D0%B5%D0%BB%D1%8C%D0%BD%D0%BE%D0%B3%D0%BE-%D0%BA%D0%BE%D0%BD%D1%82%D1%80%D0%BE%D0%BB%D1%8E,N/A
76,"Перелік та місцезнаходження закладів комунальних закладів охорони здоров’я, які забезпечені обладнанням гінекологічним, мамологічним обладнанням, що пристосоване до потреб осіб з інвалідністю з урахуванням особливостей їх пересування",Управління охорони здоров’я,https://opendata.kremen.gov.ua/dataset/%D0%B4%D0%BE%D0%B2%D1%96%D0%B4%D0%BD%D0%B8%D0%BA-%D0%BF%D1%96%D0%B4%D0%BF%D1%80%D0%B8%D1%94%D0%BC%D1%81%D1%82%D0%B2,N/A